Prefecture,origin_date,target_date,pred_cases,actual_cases,difference
Aichi,2025/10/5,2025/10/26,162.42916744947433,141,21.429167449474335
Aichi,2025/10/12,2025/11/2,170.86708426475525,108,62.86708426475525
Aichi,2025/10/19,2025/11/9,150.34027063846588,75,75.34027063846588
Aichi,2025/10/26,2025/11/16,142.94023835659027,73,69.94023835659027
Aichi,2025/11/2,2025/11/23,115.21399807929993,69,46.21399807929993
Aichi,2025/11/9,2025/11/30,84.70674452185631,60,24.706744521856308
Aichi,2025/11/16,2025/12/7,66.96678160130978,40,26.966781601309776
Aichi,2025/11/23,2025/12/14,52.86043687164784,54,1.1395631283521581
Aichi,2025/11/30,2025/12/21,52.021507203578956,50,2.021507203578956
Aichi,2025/12/7,2025/12/28,-10.35526983,68,78.35526983067393
Aichi,2025/12/14,2026/1/4,-12.04918541,26,38.049185406416655
Aichi,2025/12/21,2026/1/11,24.003599226474762,58,33.99640077352524
Aichi,2025/12/28,2026/1/18,37.95147710293532,68,30.04852289706468
Aichi,2026/1/4,2026/1/25,55.428895279765136,59,3.571104720234864
Aichi,2026/1/11,2026/2/1,64.75928321480751,64,0.7592832148075104
Aichi,2026/1/18,2026/2/8,76.63958168029785,63,13.639581680297852
Akita,2025/10/5,2025/10/26,14.054535329341888,4,10.054535329341888
Akita,2025/10/12,2025/11/2,12.25321963429451,8,4.253219634
Akita,2025/10/19,2025/11/9,11.28992810845375,2,9.289928108
Akita,2025/10/26,2025/11/16,9.791522473096848,0,9.791522473096848
Akita,2025/11/2,2025/11/23,9.488756209611893,6,3.4887562096118927
Akita,2025/11/9,2025/11/30,8.386278152,4,4.386278152
Akita,2025/11/16,2025/12/7,2.058700845,4,1.9412991553544998
Akita,2025/11/23,2025/12/14,2.9839616268873215,5,2.0160383731126785
Akita,2025/11/30,2025/12/21,3.094084933400154,2,1.0940849334001541
Akita,2025/12/7,2025/12/28,2.828325890004635,8,5.171674109995365
Akita,2025/12/14,2026/1/4,2.235994301736355,5,2.764005698263645
Akita,2025/12/21,2026/1/11,0.6685525644570589,10,9.331447435542941
Akita,2025/12/28,2026/1/18,1.0477698408067226,12,10.952230159193277
Akita,2026/1/4,2026/1/25,4.997009411454201,10,5.002990588545799
Akita,2026/1/11,2026/2/1,3.2125476747751236,8,4.787452325224876
Akita,2026/1/18,2026/2/8,5.167092755436897,6,0.8329072445631027
Aomori,2025/10/5,2025/10/26,20.147062122821808,14,6.147062122821808
Aomori,2025/10/12,2025/11/2,19.765473246574402,10,9.765473246574402
Aomori,2025/10/19,2025/11/9,18.786341071128845,13,5.786341071128845
Aomori,2025/10/26,2025/11/16,16.97197061777115,6,10.971970617771149
Aomori,2025/11/2,2025/11/23,19.63862246274948,9,10.638622462749481
Aomori,2025/11/9,2025/11/30,20.031419038772583,13,7.031419038772583
Aomori,2025/11/16,2025/12/7,16.881529420614243,15,1.8815294206142426
Aomori,2025/11/23,2025/12/14,16.794805377721786,17,0.2051946222782135
Aomori,2025/11/30,2025/12/21,16.430494487285614,11,5.430494487285614
Aomori,2025/12/7,2025/12/28,17.902621001005173,22,4.097378998994827
Aomori,2025/12/14,2026/1/4,20.773652374744415,14,6.773652374744415
Aomori,2025/12/21,2026/1/11,17.041072636842728,5,12.041072636842728
Aomori,2025/12/28,2026/1/18,20.11970889568329,22,1.8802911043167114
Aomori,2026/1/4,2026/1/25,13.933248281478882,18,4.066751718521118
Aomori,2026/1/11,2026/2/1,10.656747162342072,13,2.3432528376579285
Aomori,2026/1/18,2026/2/8,16.733803689479828,14,2.733803689479828
Chiba,2025/10/5,2025/10/26,81.41095891594887,83,1.5890410840511322
Chiba,2025/10/12,2025/11/2,75.27873522043228,66,9.278735220432281
Chiba,2025/10/19,2025/11/9,66.76093822717667,40,26.760938227176666
Chiba,2025/10/26,2025/11/16,67.27819043397903,29,38.278190433979034
Chiba,2025/11/2,2025/11/23,70.78597807884216,31,39.78597807884216
Chiba,2025/11/9,2025/11/30,55.96167638897896,23,32.96167638897896
Chiba,2025/11/16,2025/12/7,51.189856827259064,26,25.189856827259064
Chiba,2025/11/23,2025/12/14,52.771988958120346,19,33.771988958120346
Chiba,2025/11/30,2025/12/21,47.15499281883239,23,24.15499281883239
Chiba,2025/12/7,2025/12/28,39.33092623949051,16,23.33092623949051
Chiba,2025/12/14,2026/1/4,44.66842282,9,35.66842282
Chiba,2025/12/21,2026/1/11,43.66872859,25,18.668728590011597
Chiba,2025/12/28,2026/1/18,43.38107866048813,22,21.38107866048813
Chiba,2026/1/4,2026/1/25,37.44855338335037,24,13.448553383350372
Chiba,2026/1/11,2026/2/1,47.64118505,35,12.641185045242302
Chiba,2026/1/18,2026/2/8,43.596433609724045,20,23.596433609724045
Ehime,2025/10/5,2025/10/26,45.72613987326622,21,24.72613987326622
Ehime,2025/10/12,2025/11/2,34.72284235060215,43,8.277157649
Ehime,2025/10/19,2025/11/9,31.382884278893467,45,13.617115721106533
Ehime,2025/10/26,2025/11/16,23.185649380087852,16,7.1856493800878525
Ehime,2025/11/2,2025/11/23,19.978470005095005,26,6.021529994904995
Ehime,2025/11/9,2025/11/30,18.284462586045265,10,8.284462586045265
Ehime,2025/11/16,2025/12/7,8.665806159377098,16,7.334193840622902
Ehime,2025/11/23,2025/12/14,9.019527867436409,18,8.980472132563591
Ehime,2025/11/30,2025/12/21,13.169375509023666,14,0.8306244909763336
Ehime,2025/12/7,2025/12/28,10.204589653760195,15,4.795410346239805
Ehime,2025/12/14,2026/1/4,7.6038398519158354,4,3.6038398519158354
Ehime,2025/12/21,2026/1/11,10.71156719326973,16,5.288432807
Ehime,2025/12/28,2026/1/18,13.459507741034031,13,0.4595077410340309
Ehime,2026/1/4,2026/1/25,14.916659481823443,20,5.083340518176557
Ehime,2026/1/11,2026/2/1,14.63071674108505,24,9.369283259
Ehime,2026/1/18,2026/2/8,16.421653106808662,21,4.578346893191338
Fukui,2025/10/5,2025/10/26,34.14443797,72,37.85556203
Fukui,2025/10/12,2025/11/2,35.09355193,67,31.90644807
Fukui,2025/10/19,2025/11/9,35.28796887,40,4.712031126
Fukui,2025/10/26,2025/11/16,36.0962162,41,4.903783798
Fukui,2025/11/2,2025/11/23,37.19991958,44,6.800080419
Fukui,2025/11/9,2025/11/30,37.46005571,16,21.46005571
Fukui,2025/11/16,2025/12/7,37.81583822,19,18.81583822
Fukui,2025/11/23,2025/12/14,37.45558417,19,18.45558417
Fukui,2025/11/30,2025/12/21,36.93404323,13,23.93404323
Fukui,2025/12/7,2025/12/28,36.36766887,26,10.36766887
Fukui,2025/12/14,2026/1/4,35.84087944,8,27.84087944
Fukui,2025/12/21,2026/1/11,33.02017337,18,15.02017337
Fukui,2025/12/28,2026/1/18,32.52053446,17,15.52053446
Fukui,2026/1/4,2026/1/25,31.23305207,28,3.233052075
Fukui,2026/1/11,2026/2/1,28.72112817,16,12.72112817
Fukui,2026/1/18,2026/2/8,27.66304007,20,7.663040072
Fukuoka,2025/10/5,2025/10/26,237.3659017,169,68.36590168
Fukuoka,2025/10/12,2025/11/2,138.4932836,132,6.493283585
Fukuoka,2025/10/19,2025/11/9,126.054626,95,31.05462596
Fukuoka,2025/10/26,2025/11/16,108.3838604,63,45.38386036
Fukuoka,2025/11/2,2025/11/23,96.98979861,46,50.98979861
Fukuoka,2025/11/9,2025/11/30,90.00159511,45,45.00159511
Fukuoka,2025/11/16,2025/12/7,91.00419335,33,58.00419335
Fukuoka,2025/11/23,2025/12/14,68.4588578,31,37.4588578
Fukuoka,2025/11/30,2025/12/21,68.73721187,30,38.73721187
Fukuoka,2025/12/7,2025/12/28,64.93209453,38,26.93209453
Fukuoka,2025/12/14,2026/1/4,75.35107237,15,60.35107237
Fukuoka,2025/12/21,2026/1/11,92.57975145,29,63.57975145
Fukuoka,2025/12/28,2026/1/18,96.5880302,37,59.5880302
Fukuoka,2026/1/4,2026/1/25,96.91770811,72,24.91770811
Fukuoka,2026/1/11,2026/2/1,103.6911813,64,39.69118133
Fukuoka,2026/1/18,2026/2/8,105.2415567,54,51.24155666
Fukushima,2025/10/5,2025/10/26,20.39108454,14,6.391084544
Fukushima,2025/10/12,2025/11/2,13.49528842,22,8.504711583
Fukushima,2025/10/19,2025/11/9,13.70887882,13,0.708878815
Fukushima,2025/10/26,2025/11/16,12.88741997,11,1.887419969
Fukushima,2025/11/2,2025/11/23,16.68366908,16,0.683669083
Fukushima,2025/11/9,2025/11/30,11.4863559,9,2.486355901
Fukushima,2025/11/16,2025/12/7,12.42662444,13,0.573375557
Fukushima,2025/11/23,2025/12/14,13.57953011,18,4.420469888
Fukushima,2025/11/30,2025/12/21,17.1428598,26,8.857140198
Fukushima,2025/12/7,2025/12/28,18.80143613,24,5.198563874
Fukushima,2025/12/14,2026/1/4,38.76525441,8,30.76525441
Fukushima,2025/12/21,2026/1/11,44.05838332,15,29.05838332
Fukushima,2025/12/28,2026/1/18,51.77545893,22,29.77545893
Fukushima,2026/1/4,2026/1/25,49.88046521,46,3.880465209
Fukushima,2026/1/11,2026/2/1,47.92161217,46,1.921612173
Fukushima,2026/1/18,2026/2/8,47.69451544,31,16.69451544
Gifu,2025/10/5,2025/10/26,36.95250404,44,7.047495961
Gifu,2025/10/12,2025/11/2,27.54725391,46,18.45274609
Gifu,2025/10/19,2025/11/9,25.40754151,48,22.59245849
Gifu,2025/10/26,2025/11/16,25.50072467,33,7.499275327
Gifu,2025/11/2,2025/11/23,22.39694911,19,3.396949112
Gifu,2025/11/9,2025/11/30,21.70929402,20,1.709294021
Gifu,2025/11/16,2025/12/7,19.3022936,24,4.697706401
Gifu,2025/11/23,2025/12/14,12.18252936,18,5.81747064
Gifu,2025/11/30,2025/12/21,11.15303746,14,2.846962541
Gifu,2025/12/7,2025/12/28,12.20483863,12,0.204838634
Gifu,2025/12/14,2026/1/4,6.963657245,28,21.03634275
Gifu,2025/12/21,2026/1/11,9.343038827,6,3.343038827
Gifu,2025/12/28,2026/1/18,8.472085997,11,2.527914003
Gifu,2026/1/4,2026/1/25,14.15536597,13,1.155365974
Gifu,2026/1/11,2026/2/1,8.382941037,11,2.617058963
Gifu,2026/1/18,2026/2/8,12.93343416,14,1.066565841
Gunma,2025/10/5,2025/10/26,32.54069334,38,5.459306657
Gunma,2025/10/12,2025/11/2,28.37153149,44,15.62846851
Gunma,2025/10/19,2025/11/9,20.77410699,21,0.225893006
Gunma,2025/10/26,2025/11/16,17.55184525,11,6.551845253
Gunma,2025/11/2,2025/11/23,15.38596442,10,5.385964423
Gunma,2025/11/9,2025/11/30,15.50053257,14,1.500532568
Gunma,2025/11/16,2025/12/7,16.23257339,18,1.76742661
Gunma,2025/11/23,2025/12/14,16.58492352,19,2.415076479
Gunma,2025/11/30,2025/12/21,17.70628403,18,0.293715969
Gunma,2025/12/7,2025/12/28,19.40299232,17,2.402992323
Gunma,2025/12/14,2026/1/4,21.56678103,14,7.566781029
Gunma,2025/12/21,2026/1/11,22.42643613,11,11.42643613
Gunma,2025/12/28,2026/1/18,21.7771841,23,1.222815901
Gunma,2026/1/4,2026/1/25,22.75736815,27,4.242631853
Gunma,2026/1/11,2026/2/1,23.94968475,30,6.050315246
Gunma,2026/1/18,2026/2/8,32.99845684,30,2.998456836
Hiroshima,2025/10/5,2025/10/26,80.30917698,86,5.690823019
Hiroshima,2025/10/12,2025/11/2,76.57832628,103,26.42167372
Hiroshima,2025/10/19,2025/11/9,72.67727262,73,0.322727382
Hiroshima,2025/10/26,2025/11/16,54.3243522,49,5.324352205
Hiroshima,2025/11/2,2025/11/23,62.516837,63,0.483162999
Hiroshima,2025/11/9,2025/11/30,52.0305649,66,13.9694351
Hiroshima,2025/11/16,2025/12/7,38.93842962,62,23.06157038
Hiroshima,2025/11/23,2025/12/14,46.15224487,52,5.847755134
Hiroshima,2025/11/30,2025/12/21,47.12865108,40,7.128651083
Hiroshima,2025/12/7,2025/12/28,44.17761534,47,2.822384655
Hiroshima,2025/12/14,2026/1/4,42.79610884,13,29.79610884
Hiroshima,2025/12/21,2026/1/11,36.14238673,21,15.14238673
Hiroshima,2025/12/28,2026/1/18,37.90286002,25,12.90286002
Hiroshima,2026/1/4,2026/1/25,29.1330733,28,1.1330733
Hiroshima,2026/1/11,2026/2/1,30.15832061,42,11.84167939
Hiroshima,2026/1/18,2026/2/8,26.11015001,44,17.88984999
Hyogo,2025/10/5,2025/10/26,156.8525012,137,19.85250115
Hyogo,2025/10/12,2025/11/2,145.0021256,139,6.002125621
Hyogo,2025/10/19,2025/11/9,131.2602672,118,13.26026717
Hyogo,2025/10/26,2025/11/16,101.9946316,123,21.00536844
Hyogo,2025/11/2,2025/11/23,97.75790763,121,23.24209237
Hyogo,2025/11/9,2025/11/30,79.66404703,81,1.335952967
Hyogo,2025/11/16,2025/12/7,88.09379657,72,16.09379657
Hyogo,2025/11/23,2025/12/14,93.02700308,85,8.02700308
Hyogo,2025/11/30,2025/12/21,84.20457099,77,7.204570994
Hyogo,2025/12/7,2025/12/28,71.87245254,100,28.12754746
Hyogo,2025/12/14,2026/1/4,75.47128533,37,38.47128533
Hyogo,2025/12/21,2026/1/11,85.05025436,84,1.05025436
Hyogo,2025/12/28,2026/1/18,91.32289459,91,0.322894588
Hyogo,2026/1/4,2026/1/25,84.78799556,93,8.212004438
Hyogo,2026/1/11,2026/2/1,88.5181528,126,37.4818472
Hyogo,2026/1/18,2026/2/8,118.8406717,111,7.840671748
Ibaraki,2025/10/5,2025/10/26,32.29941344,26,6.299413443
Ibaraki,2025/10/12,2025/11/2,29.64182442,30,0.358175576
Ibaraki,2025/10/19,2025/11/9,24.36809599,23,1.368095994
Ibaraki,2025/10/26,2025/11/16,22.70606464,12,10.70606464
Ibaraki,2025/11/2,2025/11/23,22.63960022,10,12.63960022
Ibaraki,2025/11/9,2025/11/30,20.23903084,13,7.239030838
Ibaraki,2025/11/16,2025/12/7,10.24285188,8,2.242851883
Ibaraki,2025/11/23,2025/12/14,8.625861034,10,1.374138966
Ibaraki,2025/11/30,2025/12/21,12.91008326,11,1.910083264
Ibaraki,2025/12/7,2025/12/28,10.79283151,14,3.20716849
Ibaraki,2025/12/14,2026/1/4,9.996762425,15,5.003237575
Ibaraki,2025/12/21,2026/1/11,12.06613129,13,0.933868706
Ibaraki,2025/12/28,2026/1/18,14.75084004,14,0.750840038
Ibaraki,2026/1/4,2026/1/25,17.42966178,22,4.570338219
Ibaraki,2026/1/11,2026/2/1,22.53104228,16,6.531042278
Ibaraki,2026/1/18,2026/2/8,22.58859193,17,5.588591933
Ishikawa,2025/10/5,2025/10/26,27.05451393,35,7.945486069
Ishikawa,2025/10/12,2025/11/2,25.46079975,24,1.460799754
Ishikawa,2025/10/19,2025/11/9,24.06442887,20,4.064428866
Ishikawa,2025/10/26,2025/11/16,22.27276713,14,8.272767127
Ishikawa,2025/11/2,2025/11/23,21.21648663,10,11.21648663
Ishikawa,2025/11/9,2025/11/30,20.22996426,11,9.229964256
Ishikawa,2025/11/16,2025/12/7,12.45216796,11,1.452167958
Ishikawa,2025/11/23,2025/12/14,7.817403674,19,11.18259633
Ishikawa,2025/11/30,2025/12/21,6.524074927,24,17.47592507
Ishikawa,2025/12/7,2025/12/28,8.014311954,27,18.98568805
Ishikawa,2025/12/14,2026/1/4,16.69492739,8,8.694927394
Ishikawa,2025/12/21,2026/1/11,18.79139799,18,0.791397989
Ishikawa,2025/12/28,2026/1/18,19.01245344,22,2.987546563
Ishikawa,2026/1/4,2026/1/25,16.89939073,31,14.10060927
Ishikawa,2026/1/11,2026/2/1,16.84221095,14,2.842210948
Ishikawa,2026/1/18,2026/2/8,17.58485779,23,5.415142208
Iwate,2025/10/5,2025/10/26,22.38788795,12,10.38788795
Iwate,2025/10/12,2025/11/2,21.33389997,10,11.33389997
Iwate,2025/10/19,2025/11/9,22.44001293,8,14.44001293
Iwate,2025/10/26,2025/11/16,19.8385148,5,14.8385148
Iwate,2025/11/2,2025/11/23,25.08391786,18,7.083917856
Iwate,2025/11/9,2025/11/30,23.83365226,12,11.83365226
Iwate,2025/11/16,2025/12/7,24.11994052,6,18.11994052
Iwate,2025/11/23,2025/12/14,26.21331024,7,19.21331024
Iwate,2025/11/30,2025/12/21,24.21917152,16,8.219171524
Iwate,2025/12/7,2025/12/28,22.45540667,17,5.455406666
Iwate,2025/12/14,2026/1/4,18.74415851,1,17.74415851
Iwate,2025/12/21,2026/1/11,5.377207875,7,1.622792125
Iwate,2025/12/28,2026/1/18,10.11982441,11,0.880175591
Iwate,2026/1/4,2026/1/25,0.634489417,38,37.36551058
Iwate,2026/1/11,2026/2/1,7.809875965,42,34.19012403
Iwate,2026/1/18,2026/2/8,7.950556755,27,19.04944324
Kagawa,2025/10/5,2025/10/26,41.67316425,53,11.32683575
Kagawa,2025/10/12,2025/11/2,39.49110979,67,27.50889021
Kagawa,2025/10/19,2025/11/9,40.01112315,47,6.988876849
Kagawa,2025/10/26,2025/11/16,36.08060583,44,7.919394165
Kagawa,2025/11/2,2025/11/23,37.12928554,36,1.129285544
Kagawa,2025/11/9,2025/11/30,27.62724915,27,0.627249151
Kagawa,2025/11/16,2025/12/7,20.32743211,28,7.672567889
Kagawa,2025/11/23,2025/12/14,16.37789181,21,4.622108191
Kagawa,2025/11/30,2025/12/21,21.39893053,9,12.39893053
Kagawa,2025/12/7,2025/12/28,16.88837636,16,0.888376355
Kagawa,2025/12/14,2026/1/4,17.18681011,12,5.186810106
Kagawa,2025/12/21,2026/1/11,9.461685821,13,3.538314179
Kagawa,2025/12/28,2026/1/18,8.727019809,14,5.272980191
Kagawa,2026/1/4,2026/1/25,8.988806561,14,5.011193439
Kagawa,2026/1/11,2026/2/1,8.943271682,8,0.943271682
Kagawa,2026/1/18,2026/2/8,7.944281504,17,9.055718496
Kagoshima,2025/10/5,2025/10/26,66.85446948,59,7.854469478
Kagoshima,2025/10/12,2025/11/2,60.11264795,71,10.88735205
Kagoshima,2025/10/19,2025/11/9,46.42265734,63,16.57734266
Kagoshima,2025/10/26,2025/11/16,48.5573089,53,4.442691103
Kagoshima,2025/11/2,2025/11/23,33.2335225,47,13.7664775
Kagoshima,2025/11/9,2025/11/30,31.31252085,35,3.687479153
Kagoshima,2025/11/16,2025/12/7,21.57571317,24,2.424286827
Kagoshima,2025/11/23,2025/12/14,35.43324517,29,6.433245167
Kagoshima,2025/11/30,2025/12/21,26.29134498,21,5.291344978
Kagoshima,2025/12/7,2025/12/28,23.84424901,23,0.84424901
Kagoshima,2025/12/14,2026/1/4,23.59194262,23,0.591942616
Kagoshima,2025/12/21,2026/1/11,22.05790571,20,2.057905711
Kagoshima,2025/12/28,2026/1/18,27.3649403,45,17.6350597
Kagoshima,2026/1/4,2026/1/25,29.39130109,41,11.60869891
Kagoshima,2026/1/11,2026/2/1,33.81802493,21,12.81802493
Kagoshima,2026/1/18,2026/2/8,58.24437505,20,38.24437505
Kanagawa,2025/10/5,2025/10/26,102.9399002,139,36.06009978
Kanagawa,2025/10/12,2025/11/2,93.62992024,108,14.37007976
Kanagawa,2025/10/19,2025/11/9,86.28962478,95,8.71037522
Kanagawa,2025/10/26,2025/11/16,83.19140708,93,9.808592916
Kanagawa,2025/11/2,2025/11/23,77.40853658,73,4.408536583
Kanagawa,2025/11/9,2025/11/30,72.83674037,60,12.83674037
Kanagawa,2025/11/16,2025/12/7,71.01303658,44,27.01303658
Kanagawa,2025/11/23,2025/12/14,70.81002331,47,23.81002331
Kanagawa,2025/11/30,2025/12/21,70.16070826,66,4.160708264
Kanagawa,2025/12/7,2025/12/28,65.22411799,84,18.77588201
Kanagawa,2025/12/14,2026/1/4,66.44167548,22,44.44167548
Kanagawa,2025/12/21,2026/1/11,60.89313558,36,24.89313558
Kanagawa,2025/12/28,2026/1/18,72.92041822,35,37.92041822
Kanagawa,2026/1/4,2026/1/25,69.7338452,45,24.7338452
Kanagawa,2026/1/11,2026/2/1,70.50679243,52,18.50679243
Kanagawa,2026/1/18,2026/2/8,74.97532523,82,7.024674773
Kochi,2025/10/5,2025/10/26,28.85206151,31,2.14793849
Kochi,2025/10/12,2025/11/2,27.99511477,22,5.995114774
Kochi,2025/10/19,2025/11/9,21.40962476,13,8.409624755
Kochi,2025/10/26,2025/11/16,16.04450691,15,1.044506907
Kochi,2025/11/2,2025/11/23,8.732079796,5,3.732079796
Kochi,2025/11/9,2025/11/30,3.758734964,4,0.241265036
Kochi,2025/11/16,2025/12/7,1.748864289,1,0.748864289
Kochi,2025/11/23,2025/12/14,1.691777276,2,0.308222724
Kochi,2025/11/30,2025/12/21,2.100417176,1,1.100417176
Kochi,2025/12/7,2025/12/28,2.39656987,1,1.39656987
Kochi,2025/12/14,2026/1/4,2.45688545,3,0.54311455
Kochi,2025/12/21,2026/1/11,3.075016718,3,0.075016718
Kochi,2025/12/28,2026/1/18,3.951986566,8,4.048013434
Kochi,2026/1/4,2026/1/25,4.200816896,10,5.799183104
Kochi,2026/1/11,2026/2/1,6.135329068,12,5.864670932
Kochi,2026/1/18,2026/2/8,8.049616583,11,2.950383417
Kumamoto,2025/10/5,2025/10/26,72.81486031,62,10.81486031
Kumamoto,2025/10/12,2025/11/2,76.29749891,90,13.70250109
Kumamoto,2025/10/19,2025/11/9,54.12397927,39,15.12397927
Kumamoto,2025/10/26,2025/11/16,34.29601614,29,5.296016142
Kumamoto,2025/11/2,2025/11/23,38.40833457,58,19.59166543
Kumamoto,2025/11/9,2025/11/30,27.92832343,29,1.071676567
Kumamoto,2025/11/16,2025/12/7,22.08130443,20,2.081304431
Kumamoto,2025/11/23,2025/12/14,26.51515193,26,0.515151933
Kumamoto,2025/11/30,2025/12/21,22.59641841,29,6.403581589
Kumamoto,2025/12/7,2025/12/28,20.5520976,15,5.552097604
Kumamoto,2025/12/14,2026/1/4,23.46428727,10,13.46428727
Kumamoto,2025/12/21,2026/1/11,30.89113115,20,10.89113115
Kumamoto,2025/12/28,2026/1/18,31.80269329,45,13.19730671
Kumamoto,2026/1/4,2026/1/25,30.6089938,74,43.3910062
Kumamoto,2026/1/11,2026/2/1,44.54172447,56,11.45827553
Kumamoto,2026/1/18,2026/2/8,72.46304056,52,20.46304056
Kyoto,2025/10/5,2025/10/26,43.2024301,77,33.7975699
Kyoto,2025/10/12,2025/11/2,46.306422,66,19.693578
Kyoto,2025/10/19,2025/11/9,38.64661175,47,8.35338825
Kyoto,2025/10/26,2025/11/16,43.66072476,44,0.339275241
Kyoto,2025/11/2,2025/11/23,39.34998003,44,4.650019974
Kyoto,2025/11/9,2025/11/30,35.82790989,28,7.827909887
Kyoto,2025/11/16,2025/12/7,32.58907408,20,12.58907408
Kyoto,2025/11/23,2025/12/14,30.78819549,26,4.788195491
Kyoto,2025/11/30,2025/12/21,28.11749351,34,5.88250649
Kyoto,2025/12/7,2025/12/28,21.66765255,27,5.332347453
Kyoto,2025/12/14,2026/1/4,19.87881936,9,10.87881936
Kyoto,2025/12/21,2026/1/11,20.11875914,19,1.11875914
Kyoto,2025/12/28,2026/1/18,21.18155842,13,8.181558415
Kyoto,2026/1/4,2026/1/25,14.42438419,38,23.57561581
Kyoto,2026/1/11,2026/2/1,11.60572572,38,26.39427428
Kyoto,2026/1/18,2026/2/8,8.142332658,40,31.85766734
Mie,2025/10/5,2025/10/26,44.73204255,100,55.26795745
Mie,2025/10/12,2025/11/2,45.09933841,80,34.90066159
Mie,2025/10/19,2025/11/9,46.99175918,66,19.00824082
Mie,2025/10/26,2025/11/16,50.37932503,73,22.62067497
Mie,2025/11/2,2025/11/23,55.28366625,50,5.283666253
Mie,2025/11/9,2025/11/30,58.4975282,43,15.4975282
Mie,2025/11/16,2025/12/7,60.85901392,55,5.859013915
Mie,2025/11/23,2025/12/14,55.39331293,44,11.39331293
Mie,2025/11/30,2025/12/21,49.98707759,47,2.987077594
Mie,2025/12/7,2025/12/28,45.73516476,35,10.73516476
Mie,2025/12/14,2026/1/4,42.41278088,13,29.41278088
Mie,2025/12/21,2026/1/11,43.03182435,34,9.03182435
Mie,2025/12/28,2026/1/18,38.29263902,43,4.707360983
Mie,2026/1/4,2026/1/25,28.61856145,46,17.38143855
Mie,2026/1/11,2026/2/1,25.74276096,40,14.25723904
Mie,2026/1/18,2026/2/8,25.48831618,38,12.51168382
Miyagi,2025/10/5,2025/10/26,26.01199369,17,9.011993691
Miyagi,2025/10/12,2025/11/2,16.06957005,24,7.93042995
Miyagi,2025/10/19,2025/11/9,10.1617468,16,5.8382532
Miyagi,2025/10/26,2025/11/16,7.024517857,6,1.024517857
Miyagi,2025/11/2,2025/11/23,10.1859535,6,4.185953502
Miyagi,2025/11/9,2025/11/30,9.793967798,3,6.793967798
Miyagi,2025/11/16,2025/12/7,9.582199451,7,2.582199451
Miyagi,2025/11/23,2025/12/14,7.909221098,8,0.090778902
Miyagi,2025/11/30,2025/12/21,21.51465981,8,13.51465981
Miyagi,2025/12/7,2025/12/28,29.09739156,12,17.09739156
Miyagi,2025/12/14,2026/1/4,31.89599812,6,25.89599812
Miyagi,2025/12/21,2026/1/11,25.98944262,12,13.98944262
Miyagi,2025/12/28,2026/1/18,25.53223816,17,8.532238163
Miyagi,2026/1/4,2026/1/25,25.19079188,27,1.809208117
Miyagi,2026/1/11,2026/2/1,27.42317399,28,0.576826006
Miyagi,2026/1/18,2026/2/8,28.54976535,26,2.549765348
Miyazaki,2025/10/5,2025/10/26,46.69284472,36,10.69284472
Miyazaki,2025/10/12,2025/11/2,31.13259469,36,4.86740531
Miyazaki,2025/10/19,2025/11/9,25.28525183,24,1.285251826
Miyazaki,2025/10/26,2025/11/16,19.00842747,22,2.991572529
Miyazaki,2025/11/2,2025/11/23,20.9669365,7,13.9669365
Miyazaki,2025/11/9,2025/11/30,16.48534837,12,4.485348374
Miyazaki,2025/11/16,2025/12/7,13.10775165,15,1.892248347
Miyazaki,2025/11/23,2025/12/14,8.77118367,6,2.77118367
Miyazaki,2025/11/30,2025/12/21,9.671798475,3,6.671798475
Miyazaki,2025/12/7,2025/12/28,10.35838126,2,8.358381256
Miyazaki,2025/12/14,2026/1/4,7.335191689,3,4.335191689
Miyazaki,2025/12/21,2026/1/11,7.194394544,2,5.194394544
Miyazaki,2025/12/28,2026/1/18,7.354801703,2,5.354801703
Miyazaki,2026/1/4,2026/1/25,7.18811493,13,5.81188507
Miyazaki,2026/1/11,2026/2/1,7.818060543,3,4.818060543
Miyazaki,2026/1/18,2026/2/8,10.09853213,9,1.098532133
Nagano,2025/10/5,2025/10/26,37.3840968,61,23.6159032
Nagano,2025/10/12,2025/11/2,39.72354072,56,16.27645928
Nagano,2025/10/19,2025/11/9,40.60949761,40,0.609497607
Nagano,2025/10/26,2025/11/16,41.43704849,36,5.437048495
Nagano,2025/11/2,2025/11/23,42.05812544,53,10.94187456
Nagano,2025/11/9,2025/11/30,41.54764324,46,4.452356756
Nagano,2025/11/16,2025/12/7,41.24304616,61,19.75695384
Nagano,2025/11/23,2025/12/14,40.95590723,55,14.04409277
Nagano,2025/11/30,2025/12/21,40.28759888,52,11.71240112
Nagano,2025/12/7,2025/12/28,39.76971647,54,14.23028353
Nagano,2025/12/14,2026/1/4,38.92689568,15,23.92689568
Nagano,2025/12/21,2026/1/11,42.94190204,29,13.94190204
Nagano,2025/12/28,2026/1/18,42.21155655,30,12.21155655
Nagano,2026/1/4,2026/1/25,39.92959559,23,16.92959559
Nagano,2026/1/11,2026/2/1,37.04822785,19,18.04822785
Nagano,2026/1/18,2026/2/8,34.73588622,28,6.735886216
Nagasaki,2025/10/5,2025/10/26,12.88793533,42,29.11206467
Nagasaki,2025/10/12,2025/11/2,21.31194891,21,0.31194891
Nagasaki,2025/10/19,2025/11/9,24.03699274,22,2.036992736
Nagasaki,2025/10/26,2025/11/16,23.32428347,25,1.675716534
Nagasaki,2025/11/2,2025/11/23,7.084439093,9,1.915560907
Nagasaki,2025/11/9,2025/11/30,8.543863803,4,4.543863803
Nagasaki,2025/11/16,2025/12/7,14.96129255,5,9.96129255
Nagasaki,2025/11/23,2025/12/14,6.140229385,0,6.140229385
Nagasaki,2025/11/30,2025/12/21,0.886640429,2,1.113359571
Nagasaki,2025/12/7,2025/12/28,2.124280341,2,0.124280341
Nagasaki,2025/12/14,2026/1/4,-9.691512376,3,12.69151238
Nagasaki,2025/12/21,2026/1/11,9.656136855,1,8.656136855
Nagasaki,2025/12/28,2026/1/18,12.68405214,20,7.315947864
Nagasaki,2026/1/4,2026/1/25,12.59794461,14,1.40205539
Nagasaki,2026/1/11,2026/2/1,20.15543879,10,10.15543879
Nagasaki,2026/1/18,2026/2/8,30.63041355,18,12.63041355
Nara,2025/10/5,2025/10/26,53.39085209,62,8.609147906
Nara,2025/10/12,2025/11/2,51.7995007,46,5.799500704
Nara,2025/10/19,2025/11/9,46.14039628,32,14.14039628
Nara,2025/10/26,2025/11/16,36.13813564,36,0.138135642
Nara,2025/11/2,2025/11/23,41.58587193,40,1.585871935
Nara,2025/11/9,2025/11/30,22.87272432,41,18.12727568
Nara,2025/11/16,2025/12/7,19.00071777,33,13.99928223
Nara,2025/11/23,2025/12/14,20.10044894,27,6.899551056
Nara,2025/11/30,2025/12/21,23.5269029,28,4.473097101
Nara,2025/12/7,2025/12/28,19.79912636,43,23.20087364
Nara,2025/12/14,2026/1/4,18.02684509,4,14.02684509
Nara,2025/12/21,2026/1/11,18.4526227,26,7.547377296
Nara,2025/12/28,2026/1/18,22.65667541,29,6.343324594
Nara,2026/1/4,2026/1/25,12.02340186,26,13.97659814
Nara,2026/1/11,2026/2/1,19.54337941,37,17.45662059
Nara,2026/1/18,2026/2/8,29.52134621,42,12.47865379
Niigata,2025/10/5,2025/10/26,28.73952435,28,0.73952435
Niigata,2025/10/12,2025/11/2,24.05632979,42,17.94367021
Niigata,2025/10/19,2025/11/9,23.3370626,16,7.337062597
Niigata,2025/10/26,2025/11/16,19.42223105,23,3.577768952
Niigata,2025/11/2,2025/11/23,24.48218065,8,16.48218065
Niigata,2025/11/9,2025/11/30,21.07166839,17,4.071668386
Niigata,2025/11/16,2025/12/7,16.47566568,13,3.475665681
Niigata,2025/11/23,2025/12/14,12.53065034,4,8.53065034
Niigata,2025/11/30,2025/12/21,12.89500172,9,3.895001724
Niigata,2025/12/7,2025/12/28,12.15734679,4,8.157346789
Niigata,2025/12/14,2026/1/4,7.604438521,6,1.604438521
Niigata,2025/12/21,2026/1/11,15.47514843,7,8.475148432
Niigata,2025/12/28,2026/1/18,17.17738225,9,8.177382253
Niigata,2026/1/4,2026/1/25,18.96469349,18,0.964693494
Niigata,2026/1/11,2026/2/1,12.76826045,13,0.231739547
Niigata,2026/1/18,2026/2/8,19.45414255,11,8.454142548
Oita,2025/10/5,2025/10/26,65.42504087,60,5.425040871
Oita,2025/10/12,2025/11/2,54.64689061,47,7.64689061
Oita,2025/10/19,2025/11/9,38.24341281,31,7.243412808
Oita,2025/10/26,2025/11/16,24.16853005,39,14.83146995
Oita,2025/11/2,2025/11/23,13.16124267,16,2.838757332
Oita,2025/11/9,2025/11/30,6.928481553,4,2.928481553
Oita,2025/11/16,2025/12/7,8.83402073,9,0.16597927
Oita,2025/11/23,2025/12/14,6.059974726,5,1.059974726
Oita,2025/11/30,2025/12/21,-4.086925069,6,10.08692507
Oita,2025/12/7,2025/12/28,2.211977675,6,3.788022325
Oita,2025/12/14,2026/1/4,1.833568456,10,8.166431544
Oita,2025/12/21,2026/1/11,5.591169186,10,4.408830814
Oita,2025/12/28,2026/1/18,12.72334314,17,4.276656862
Oita,2026/1/4,2026/1/25,23.11713587,13,10.11713587
Oita,2026/1/11,2026/2/1,24.32076976,22,2.320769757
Oita,2026/1/18,2026/2/8,40.26418057,23,17.26418057
Okayama,2025/10/5,2025/10/26,47.02135301,56,8.978646994
Okayama,2025/10/12,2025/11/2,50.42682505,44,6.426825047
Okayama,2025/10/19,2025/11/9,51.23179889,25,26.23179889
Okayama,2025/10/26,2025/11/16,49.21286261,24,25.21286261
Okayama,2025/11/2,2025/11/23,40.98979986,15,25.98979986
Okayama,2025/11/9,2025/11/30,28.34629571,13,15.34629571
Okayama,2025/11/16,2025/12/7,22.01169854,20,2.011698544
Okayama,2025/11/23,2025/12/14,19.26438159,16,3.264381588
Okayama,2025/11/30,2025/12/21,17.37985483,10,7.379854828
Okayama,2025/12/7,2025/12/28,17.18289888,20,2.817101121
Okayama,2025/12/14,2026/1/4,17.06384367,4,13.06384367
Okayama,2025/12/21,2026/1/11,16.18339917,22,5.816600829
Okayama,2025/12/28,2026/1/18,16.28858468,29,12.71141532
Okayama,2026/1/4,2026/1/25,11.45956843,42,30.54043157
Okayama,2026/1/11,2026/2/1,12.45505354,27,14.54494646
Okayama,2026/1/18,2026/2/8,14.60352308,34,19.39647692
Okinawa,2025/10/5,2025/10/26,7.52671279,6,1.52671279
Okinawa,2025/10/12,2025/11/2,6.172686968,6,0.172686968
Okinawa,2025/10/19,2025/11/9,2.475615187,4,1.524384813
Okinawa,2025/10/26,2025/11/16,4.363567524,8,3.636432476
Okinawa,2025/11/2,2025/11/23,5.341653973,10,4.658346027
Okinawa,2025/11/9,2025/11/30,8.610473581,6,2.610473581
Okinawa,2025/11/16,2025/12/7,9.70244275,5,4.70244275
Okinawa,2025/11/23,2025/12/14,12.75507259,0,12.75507259
Okinawa,2025/11/30,2025/12/21,13.90390601,0,13.90390601
Okinawa,2025/12/7,2025/12/28,16.89801528,2,14.89801528
Okinawa,2025/12/14,2026/1/4,17.26096228,1,16.26096228
Okinawa,2025/12/21,2026/1/11,16.6944748,8,8.694474801
Okinawa,2025/12/28,2026/1/18,17.53346875,3,14.53346875
Okinawa,2026/1/4,2026/1/25,17.08693098,2,15.08693098
Okinawa,2026/1/11,2026/2/1,17.99966955,2,15.99966955
Okinawa,2026/1/18,2026/2/8,20.78810182,7,13.78810182
Osaka,2025/10/5,2025/10/26,304.1631514,336,31.83684856
Osaka,2025/10/12,2025/11/2,274.5843427,319,44.41565734
Osaka,2025/10/19,2025/11/9,251.6943291,234,17.69432908
Osaka,2025/10/26,2025/11/16,242.8728365,217,25.87283653
Osaka,2025/11/2,2025/11/23,237.6162776,181,56.61627764
Osaka,2025/11/9,2025/11/30,210.7879546,181,29.78795457
Osaka,2025/11/16,2025/12/7,201.7257179,168,33.72571793
Osaka,2025/11/23,2025/12/14,194.1142994,171,23.11429942
Osaka,2025/11/30,2025/12/21,185.1048961,186,0.895103872
Osaka,2025/12/7,2025/12/28,177.9337429,249,71.06625709
Osaka,2025/12/14,2026/1/4,193.0426561,117,76.04265606
Osaka,2025/12/21,2026/1/11,224.7580197,203,21.75801975
Osaka,2025/12/28,2026/1/18,266.894752,171,95.89475197
Osaka,2026/1/4,2026/1/25,232.6502202,215,17.65022022
Osaka,2026/1/11,2026/2/1,279.4573398,237,42.45733976
Osaka,2026/1/18,2026/2/8,261.0483909,232,29.04839087
Saga,2025/10/5,2025/10/26,31.23598754,20,11.23598754
Saga,2025/10/12,2025/11/2,22.66850099,17,5.66850099
Saga,2025/10/19,2025/11/9,19.12528574,14,5.125285745
Saga,2025/10/26,2025/11/16,12.24121481,10,2.241214812
Saga,2025/11/2,2025/11/23,12.88195346,10,2.881953456
Saga,2025/11/9,2025/11/30,6.727398168,9,2.272601832
Saga,2025/11/16,2025/12/7,2.417441932,8,5.582558068
Saga,2025/11/23,2025/12/14,1.0602686,4,2.9397314
Saga,2025/11/30,2025/12/21,7.373578455,7,0.373578455
Saga,2025/12/7,2025/12/28,1.940595252,7,5.059404748
Saga,2025/12/14,2026/1/4,1.063027908,1,0.063027908
Saga,2025/12/21,2026/1/11,14.96951237,2,12.96951237
Saga,2025/12/28,2026/1/18,10.10571282,9,1.105712824
Saga,2026/1/4,2026/1/25,16.38859507,6,10.38859507
Saga,2026/1/11,2026/2/1,9.746423922,9,0.746423922
Saga,2026/1/18,2026/2/8,22.80591734,12,10.80591734
Saitama,2025/10/5,2025/10/26,121.5714951,110,11.57149506
Saitama,2025/10/12,2025/11/2,105.0823722,82,23.08237225
Saitama,2025/10/19,2025/11/9,90.67246509,80,10.67246509
Saitama,2025/10/26,2025/11/16,69.60833561,65,4.608335614
Saitama,2025/11/2,2025/11/23,70.39313954,51,19.39313954
Saitama,2025/11/9,2025/11/30,52.17702878,46,6.177028775
Saitama,2025/11/16,2025/12/7,48.08228281,35,13.08228281
Saitama,2025/11/23,2025/12/14,51.73201901,47,4.732019007
Saitama,2025/11/30,2025/12/21,54.32430547,53,1.324305475
Saitama,2025/12/7,2025/12/28,54.05186307,51,3.051863074
Saitama,2025/12/14,2026/1/4,50.27817231,19,31.27817231
Saitama,2025/12/21,2026/1/11,51.24699143,40,11.24699143
Saitama,2025/12/28,2026/1/18,48.86322734,48,0.863227338
Saitama,2026/1/4,2026/1/25,49.33360484,54,4.666395158
Saitama,2026/1/11,2026/2/1,45.07304807,71,25.92695193
Saitama,2026/1/18,2026/2/8,42.66434912,50,7.335650876
Shiga,2025/10/5,2025/10/26,21.94269583,48,26.05730417
Shiga,2025/10/12,2025/11/2,29.23996091,49,19.76003909
Shiga,2025/10/19,2025/11/9,30.11355981,27,3.113559812
Shiga,2025/10/26,2025/11/16,29.77742344,35,5.222576559
Shiga,2025/11/2,2025/11/23,24.91200536,27,2.087994635
Shiga,2025/11/9,2025/11/30,19.7484152,16,3.748415202
Shiga,2025/11/16,2025/12/7,20.93652412,17,3.936524123
Shiga,2025/11/23,2025/12/14,19.54966158,15,4.549661577
Shiga,2025/11/30,2025/12/21,17.52519935,42,24.47480065
Shiga,2025/12/7,2025/12/28,13.97786722,51,37.02213278
Shiga,2025/12/14,2026/1/4,11.9360055,16,4.063994497
Shiga,2025/12/21,2026/1/11,23.53817984,21,2.538179845
Shiga,2025/12/28,2026/1/18,23.55551541,18,5.555515409
Shiga,2026/1/4,2026/1/25,14.98868905,30,15.01131095
Shiga,2026/1/11,2026/2/1,11.56927377,33,21.43072623
Shiga,2026/1/18,2026/2/8,14.07033227,33,18.92966773
Shimane,2025/10/5,2025/10/26,22.99577984,19,3.995779842
Shimane,2025/10/12,2025/11/2,32.61900574,42,9.38099426
Shimane,2025/10/19,2025/11/9,23.87428346,17,6.874283463
Shimane,2025/10/26,2025/11/16,21.82535499,18,3.825354993
Shimane,2025/11/2,2025/11/23,35.61745071,18,17.61745071
Shimane,2025/11/9,2025/11/30,22.70374191,17,5.703741908
Shimane,2025/11/16,2025/12/7,11.87748247,13,1.122517526
Shimane,2025/11/23,2025/12/14,16.08910777,16,0.089107767
Shimane,2025/11/30,2025/12/21,6.832709715,14,7.167290285
Shimane,2025/12/7,2025/12/28,7.930506364,16,8.069493636
Shimane,2025/12/14,2026/1/4,13.49243875,6,7.492438748
Shimane,2025/12/21,2026/1/11,21.55034021,6,15.55034021
Shimane,2025/12/28,2026/1/18,25.76804614,19,6.768046141
Shimane,2026/1/4,2026/1/25,15.39404592,37,21.60595408
Shimane,2026/1/11,2026/2/1,15.15207481,23,7.847925186
Shimane,2026/1/18,2026/2/8,17.36796963,5,12.36796963
Shizuoka,2025/10/5,2025/10/26,80.39308056,66,14.39308056
Shizuoka,2025/10/12,2025/11/2,80.19622937,94,13.80377063
Shizuoka,2025/10/19,2025/11/9,72.63931438,63,9.639314383
Shizuoka,2025/10/26,2025/11/16,57.00680375,37,20.00680375
Shizuoka,2025/11/2,2025/11/23,53.40946063,50,3.409460634
Shizuoka,2025/11/9,2025/11/30,46.18077941,39,7.180779412
Shizuoka,2025/11/16,2025/12/7,25.80888342,38,12.19111658
Shizuoka,2025/11/23,2025/12/14,23.85009326,35,11.14990674
Shizuoka,2025/11/30,2025/12/21,33.40076894,41,7.599231064
Shizuoka,2025/12/7,2025/12/28,31.42777495,49,17.57222505
Shizuoka,2025/12/14,2026/1/4,28.08966644,8,20.08966644
Shizuoka,2025/12/21,2026/1/11,23.17458104,24,0.825418957
Shizuoka,2025/12/28,2026/1/18,25.14928743,24,1.149287432
Shizuoka,2026/1/4,2026/1/25,24.02641963,29,4.973580368
Shizuoka,2026/1/11,2026/2/1,26.41779769,20,6.417797692
Shizuoka,2026/1/18,2026/2/8,26.07327446,34,7.926725537
Tochigi,2025/10/5,2025/10/26,26.11570114,35,8.884298861
Tochigi,2025/10/12,2025/11/2,23.40110171,44,20.59889829
Tochigi,2025/10/19,2025/11/9,24.06857178,26,1.931428224
Tochigi,2025/10/26,2025/11/16,25.59871385,17,8.598713845
Tochigi,2025/11/2,2025/11/23,27.42510563,19,8.425105631
Tochigi,2025/11/9,2025/11/30,26.03241718,11,15.03241718
Tochigi,2025/11/16,2025/12/7,26.36952722,20,6.369527221
Tochigi,2025/11/23,2025/12/14,26.44702175,24,2.447021753
Tochigi,2025/11/30,2025/12/21,25.57622713,13,12.57622713
Tochigi,2025/12/7,2025/12/28,26.74625683,29,2.253743172
Tochigi,2025/12/14,2026/1/4,29.41919544,6,23.41919544
Tochigi,2025/12/21,2026/1/11,28.56859201,18,10.56859201
Tochigi,2025/12/28,2026/1/18,30.8610552,13,17.8610552
Tochigi,2026/1/4,2026/1/25,27.19131771,23,4.191317707
Tochigi,2026/1/11,2026/2/1,26.22199684,20,6.221996844
Tochigi,2026/1/18,2026/2/8,21.57209656,24,2.427903444
Tokushima,2025/10/5,2025/10/26,39.18502951,31,8.185029507
Tokushima,2025/10/12,2025/11/2,31.83210361,24,7.83210361
Tokushima,2025/10/19,2025/11/9,28.69406345,11,17.69406345
Tokushima,2025/10/26,2025/11/16,25.56936304,24,1.569363043
Tokushima,2025/11/2,2025/11/23,21.2424003,11,10.2424003
Tokushima,2025/11/9,2025/11/30,15.09549303,12,3.095493034
Tokushima,2025/11/16,2025/12/7,13.16720217,12,1.167202167
Tokushima,2025/11/23,2025/12/14,10.77578073,24,13.22421927
Tokushima,2025/11/30,2025/12/21,7.634230725,22,14.36576927
Tokushima,2025/12/7,2025/12/28,7.684283294,16,8.315716706
Tokushima,2025/12/14,2026/1/4,11.0492314,6,5.049231403
Tokushima,2025/12/21,2026/1/11,14.98300914,9,5.983009145
Tokushima,2025/12/28,2026/1/18,14.39579912,19,4.604200885
Tokushima,2026/1/4,2026/1/25,13.82987726,18,4.170122735
Tokushima,2026/1/11,2026/2/1,11.99508286,16,4.004917137
Tokushima,2026/1/18,2026/2/8,17.65591818,11,6.655918181
Tokyo,2025/10/5,2025/10/26,152.4890713,174,21.51092872
Tokyo,2025/10/12,2025/11/2,135.852352,133,2.852352023
Tokyo,2025/10/19,2025/11/9,118.1194813,106,12.11948127
Tokyo,2025/10/26,2025/11/16,104.2789222,65,39.27892217
Tokyo,2025/11/2,2025/11/23,88.84033093,70,18.84033093
Tokyo,2025/11/9,2025/11/30,68.06110387,54,14.06110387
Tokyo,2025/11/16,2025/12/7,54.39389444,57,2.606105559
Tokyo,2025/11/23,2025/12/14,53.80430071,51,2.804300711
Tokyo,2025/11/30,2025/12/21,29.92962154,58,28.07037846
Tokyo,2025/12/7,2025/12/28,40.56314971,64,23.43685029
Tokyo,2025/12/14,2026/1/4,43.76543149,33,10.76543149
Tokyo,2025/12/21,2026/1/11,42.83600007,70,27.16399993
Tokyo,2025/12/28,2026/1/18,52.57545731,67,14.42454269
Tokyo,2026/1/4,2026/1/25,62.29270922,72,9.707290784
Tokyo,2026/1/11,2026/2/1,74.20439664,68,6.204396635
Tokyo,2026/1/18,2026/2/8,77.81700906,78,0.182990938
Tottori,2025/10/5,2025/10/26,31.63618112,23,8.636181116
Tottori,2025/10/12,2025/11/2,38.77668285,23,15.77668285
Tottori,2025/10/19,2025/11/9,32.3355639,14,18.3355639
Tottori,2025/10/26,2025/11/16,29.58264756,22,7.582647562
Tottori,2025/11/2,2025/11/23,24.21252823,16,8.212528229
Tottori,2025/11/9,2025/11/30,21.19348955,21,0.193489552
Tottori,2025/11/16,2025/12/7,18.004843,9,9.004842997
Tottori,2025/11/23,2025/12/14,17.3487339,13,4.348733902
Tottori,2025/11/30,2025/12/21,16.65302253,9,7.653022528
Tottori,2025/12/7,2025/12/28,14.41894519,11,3.418945193
Tottori,2025/12/14,2026/1/4,13.91017842,1,12.91017842
Tottori,2025/12/21,2026/1/11,10.81860316,8,2.818603158
Tottori,2025/12/28,2026/1/18,11.11687338,10,1.116873384
Tottori,2026/1/4,2026/1/25,8.190461576,15,6.809538424
Tottori,2026/1/11,2026/2/1,7.130699873,24,16.86930013
Tottori,2026/1/18,2026/2/8,7.207032859,24,16.79296714
Toyama,2025/10/5,2025/10/26,24.99593869,35,10.00406131
Toyama,2025/10/12,2025/11/2,19.74452469,27,7.255475312
Toyama,2025/10/19,2025/11/9,17.06999335,18,0.930006653
Toyama,2025/10/26,2025/11/16,14.53517805,13,1.53517805
Toyama,2025/11/2,2025/11/23,12.72138216,24,11.27861784
Toyama,2025/11/9,2025/11/30,11.65876391,12,0.341236092
Toyama,2025/11/16,2025/12/7,7.77935712,8,0.22064288
Toyama,2025/11/23,2025/12/14,11.68467921,11,0.68467921
Toyama,2025/11/30,2025/12/21,11.34002325,13,1.659976751
Toyama,2025/12/7,2025/12/28,7.376639709,8,0.623360291
Toyama,2025/12/14,2026/1/4,7.408306509,5,2.408306509
Toyama,2025/12/21,2026/1/11,8.080505639,5,3.080505639
Toyama,2025/12/28,2026/1/18,7.250085056,15,7.749914944
Toyama,2026/1/4,2026/1/25,7.788393542,12,4.211606458
Toyama,2026/1/11,2026/2/1,4.603541333,8,3.396458667
Toyama,2026/1/18,2026/2/8,9.138283625,5,4.138283625
Wakayama,2025/10/5,2025/10/26,88.75951636,47,41.75951636
Wakayama,2025/10/12,2025/11/2,74.88457286,64,10.88457286
Wakayama,2025/10/19,2025/11/9,60.35022879,42,18.35022879
Wakayama,2025/10/26,2025/11/16,49.7205323,28,21.7205323
Wakayama,2025/11/2,2025/11/23,47.92774528,39,8.927745283
Wakayama,2025/11/9,2025/11/30,37.64538842,25,12.64538842
Wakayama,2025/11/16,2025/12/7,31.52938393,32,0.470616072
Wakayama,2025/11/23,2025/12/14,35.15501088,38,2.844989121
Wakayama,2025/11/30,2025/12/21,14.60059243,53,38.39940757
Wakayama,2025/12/7,2025/12/28,16.74781455,61,44.25218545
Wakayama,2025/12/14,2026/1/4,19.52796626,14,5.527966261
Wakayama,2025/12/21,2026/1/11,39.40492946,36,3.404929459
Wakayama,2025/12/28,2026/1/18,44.27355474,36,8.273554742
Wakayama,2026/1/4,2026/1/25,39.07449037,31,8.074490368
Wakayama,2026/1/11,2026/2/1,41.03373492,32,9.033734918
Wakayama,2026/1/18,2026/2/8,39.89630705,34,5.896307051
Yamagata,2025/10/5,2025/10/26,53.91187817,30,23.91187817
Yamagata,2025/10/12,2025/11/2,46.04037791,45,1.040377915
Yamagata,2025/10/19,2025/11/9,37.73734108,34,3.737341076
Yamagata,2025/10/26,2025/11/16,30.5633647,31,0.436635301
Yamagata,2025/11/2,2025/11/23,30.01353264,29,1.013532639
Yamagata,2025/11/9,2025/11/30,26.06182404,21,5.061824039
Yamagata,2025/11/16,2025/12/7,24.31244105,30,5.687558949
Yamagata,2025/11/23,2025/12/14,16.03976917,16,0.039769165
Yamagata,2025/11/30,2025/12/21,15.99718742,28,12.00281258
Yamagata,2025/12/7,2025/12/28,20.9837164,31,10.0162836
Yamagata,2025/12/14,2026/1/4,24.62225832,7,17.62225832
Yamagata,2025/12/21,2026/1/11,29.40981232,13,16.40981232
Yamagata,2025/12/28,2026/1/18,31.8695958,47,15.1304042
Yamagata,2026/1/4,2026/1/25,27.90428035,53,25.09571965
Yamagata,2026/1/11,2026/2/1,27.87533462,27,0.87533462
Yamagata,2026/1/18,2026/2/8,32.81325594,20,12.81325594
Yamaguchi,2025/10/5,2025/10/26,74.24406338,62,12.24406338
Yamaguchi,2025/10/12,2025/11/2,58.1276933,59,0.872306705
Yamaguchi,2025/10/19,2025/11/9,68.52581763,53,15.52581763
Yamaguchi,2025/10/26,2025/11/16,43.35247582,46,2.647524178
Yamaguchi,2025/11/2,2025/11/23,3.423769623,31,27.57623038
Yamaguchi,2025/11/9,2025/11/30,2.585650954,16,13.41434905
Yamaguchi,2025/11/16,2025/12/7,-7.203991055,27,34.20399106
Yamaguchi,2025/11/23,2025/12/14,-29.60859275,25,54.60859275
Yamaguchi,2025/11/30,2025/12/21,-30.79969293,36,66.79969293
Yamaguchi,2025/12/7,2025/12/28,4.273177855,36,31.72682215
Yamaguchi,2025/12/14,2026/1/4,34.84866571,12,22.84866571
Yamaguchi,2025/12/21,2026/1/11,47.17836088,31,16.17836088
Yamaguchi,2025/12/28,2026/1/18,48.9946897,31,17.9946897
Yamaguchi,2026/1/4,2026/1/25,59.89890718,58,1.898907185
Yamaguchi,2026/1/11,2026/2/1,47.71550685,60,12.28449315
Yamaguchi,2026/1/18,2026/2/8,57.38963485,76,18.61036515
Yamanashi,2025/10/5,2025/10/26,15.42001674,13,2.420016736
Yamanashi,2025/10/12,2025/11/2,14.64076376,6,8.64076376
Yamanashi,2025/10/19,2025/11/9,13.58610672,5,8.586106718
Yamanashi,2025/10/26,2025/11/16,12.7209648,3,9.720964804
Yamanashi,2025/11/2,2025/11/23,11.30510716,6,5.305107161
Yamanashi,2025/11/9,2025/11/30,10.10468857,5,5.10468857
Yamanashi,2025/11/16,2025/12/7,9.810958087,3,6.810958087
Yamanashi,2025/11/23,2025/12/14,9.170337483,8,1.170337483
Yamanashi,2025/11/30,2025/12/21,8.927993625,4,4.927993625
Yamanashi,2025/12/7,2025/12/28,8.003081769,20,11.99691823
Yamanashi,2025/12/14,2026/1/4,8.031290472,4,4.031290472
Yamanashi,2025/12/21,2026/1/11,6.682489902,8,1.317510098
Yamanashi,2025/12/28,2026/1/18,9.270838588,4,5.270838588
Yamanashi,2026/1/4,2026/1/25,7.97446239,13,5.02553761
Yamanashi,2026/1/11,2026/2/1,7.949777603,11,3.050222397
Yamanashi,2026/1/18,2026/2/8,7.559966311,19,11.44003369