Prefecture,Date1,Date2,Forecast Cases
Aichi,2026-09-13,2026-10-04,87.0
Akita,2026-09-13,2026-10-04,15.0
Aomori,2026-09-13,2026-10-04,8.0
Chiba,2026-09-13,2026-10-04,83.0
Ehime,2026-09-13,2026-10-04,26.0
Fukui,2026-09-13,2026-10-04,29.0
Fukuoka,2026-09-13,2026-10-04,119.0
Fukushima,2026-09-13,2026-10-04,20.0
Gifu,2026-09-13,2026-10-04,42.0
Gunma,2026-09-13,2026-10-04,65.0
Hiroshima,2026-09-13,2026-10-04,30.0
Hokkaido,2026-09-13,2026-10-04,72.0
Hyogo,2026-09-13,2026-10-04,147.0
Ibaraki,2026-09-13,2026-10-04,51.0
Ishikawa,2026-09-13,2026-10-04,31.0
Iwate,2026-09-13,2026-10-04,39.0
Kagawa,2026-09-13,2026-10-04,11.0
Kagoshima,2026-09-13,2026-10-04,13.0
Kanagawa,2026-09-13,2026-10-04,123.0
Kochi,2026-09-13,2026-10-04,9.0
Kumamoto,2026-09-13,2026-10-04,28.0
Kyoto,2026-09-13,2026-10-04,31.0
Mie,2026-09-13,2026-10-04,51.0
Miyagi,2026-09-13,2026-10-04,34.0
Miyazaki,2026-09-13,2026-10-04,29.0
Nagano,2026-09-13,2026-10-04,28.0
Nagasaki,2026-09-13,2026-10-04,48.0
Nara,2026-09-13,2026-10-04,38.0
Niigata,2026-09-13,2026-10-04,24.0
Oita,2026-09-13,2026-10-04,42.0
Okayama,2026-09-13,2026-10-04,6.0
Okinawa,2026-09-13,2026-10-04,5.0
Osaka,2026-09-13,2026-10-04,325.0
Saga,2026-09-13,2026-10-04,17.0
Saitama,2026-09-13,2026-10-04,171.0
Shiga,2026-09-13,2026-10-04,30.0
Shimane,2026-09-13,2026-10-04,28.0
Shizuoka,2026-09-13,2026-10-04,165.0
Tochigi,2026-09-13,2026-10-04,60.0
Tokushima,2026-09-13,2026-10-04,40.0
Tokyo,2026-09-13,2026-10-04,364.0
Tottori,2026-09-13,2026-10-04,8.0
Toyama,2026-09-13,2026-10-04,23.0
Wakayama,2026-09-13,2026-10-04,64.0
Yamagata,2026-09-13,2026-10-04,75.0
Yamaguchi,2026-09-13,2026-10-04,33.0
Yamanashi,2026-09-13,2026-10-04,8.0
