"Date","Prefecture","relative.humidity","wind.speed","tavg","PM25","PM10","cases"
2026-07-26,"Aichi",56.6964285714286,3.24761904761905,32.914880952381,13.5746218489208,16.1463235422796,17
2026-07-26,"Akita",89.625,3.09702380952381,25.1970238095238,5.58303100694248,7.56328918543125,1
2026-07-26,"Aomori",83.5357142857143,3.19345238095238,24.360119047619,6.45305710013729,9.72610100670884,2
2026-07-26,"Chiba",78.1547619047619,3.32083333333333,29.5696428571429,15.2873320522547,18.3672488220002,29
2026-07-26,"Ehime",73.6666666666667,2.29821428571429,29.9613095238095,11.4303400877828,13.7405038338993,14
2026-07-26,"Fukui",73.2083333333333,2.48630952380952,29.8422619047619,12.7954965043396,16.1305128279151,22
2026-07-26,"Fukuoka",69.4107142857143,1.84583333333333,30.3255952380952,9.0847926517985,12.2363045481073,109
2026-07-26,"Fukushima",83.6071428571429,1.93511904761905,27.2535714285714,9.76477075276656,11.6423661619997,3
2026-07-26,"Gifu",52.7202380952381,3.2125,32.8059523809524,11.7115190117293,13.841795572839,10
2026-07-26,"Gunma",64.5,2.15595238095238,30.6714285714286,11.5516897132637,12.544076632958,1
2026-07-26,"Hiroshima",57.0892857142857,2.85178571428571,31.4625,11.441358174914,13.6826797382645,17
2026-07-26,"Hokkaido",77.625,2.7047619047619,23.05,6.7056795694965,10.2088838316993,26
2026-07-26,"Hyogo",65.0238095238095,3.36785714285714,31.75,14.4505858113458,17.4555606513852,29
2026-07-26,"Ibaraki",80.8630952380952,1.48095238095238,28.5857142857143,14.4735252839437,16.8074633130443,9
2026-07-26,"Ishikawa",73.6964285714286,3.00416666666667,29.5607142857143,13.4724613818038,17.8509791259847,9
2026-07-26,"Iwate",94.5119047619048,1.61666666666667,21.8988095238095,7.06271994288183,9.90661558158954,7
2026-07-26,"Kagawa",66.0833333333333,2.03630952380952,31.5821428571429,14.2440457361613,16.2417660681214,1
2026-07-26,"Kagoshima",72.7380952380952,2.77321428571429,31.0440476190476,6.32238598545785,9.0768147144476,50
2026-07-26,"Kanagawa",77.202380952381,2.73511904761905,29.8547619047619,16.2791521206416,18.5291780176477,71
2026-07-26,"Kochi",72.5178571428571,2.51309523809524,30.6922619047619,12.6693456831348,15.9506518434706,5
2026-07-26,"Kumamoto",67.4464285714286,2.38095238095238,31.197619047619,9.76167418841937,12.2790759422735,18
2026-07-26,"Kyoto",59.5357142857143,2.14464285714286,32.2630952380952,13.9028739522832,16.9696540420772,4
2026-07-26,"Mie",60.5416666666667,3.05595238095238,32.1607142857143,14.9470401996793,18.3199180707717,16
2026-07-26,"Miyagi",83.3630952380952,2.4375,26.4416666666667,7.21788808300675,9.14578320989793,6
2026-07-26,"Miyazaki",74.9166666666667,2.82202380952381,30.4297619047619,10.7699058663145,13.5554614261243,18
2026-07-26,"Nagano",74.125,2.48809523809524,27.9666666666667,11.2152873504096,12.6214840203007,5
2026-07-26,"Nagasaki",74.8928571428571,2.17380952380952,29.7363095238095,8.27881889428465,12.2068141633147,28
2026-07-26,"Nara",63.2202380952381,1.775,31.2869047619048,15.3662281816703,18.3298936174392,3
2026-07-26,"Niigata",85.3095238095238,2.23392857142857,27.6214285714286,9.47705001434014,11.6913027545778,15
2026-07-26,"Oita",71.7440476190476,2.33988095238095,30.9511904761905,10.7431434225477,13.3533644984017,30
2026-07-26,"Okayama",65.7619047619048,2.3827380952381,31.8952380952381,13.2168923237875,15.320458424242,4
2026-07-26,"Okinawa",80.9642857142857,3.38333333333333,29.7505952380952,7.16766046779038,11.9056010634756,101
2026-07-26,"Osaka",59.952380952381,2.50833333333333,32.3744047619048,15.0429909938783,17.6167461369911,104
2026-07-26,"Saga",66.1666666666667,2.6047619047619,31.1047619047619,7.85120017405604,10.89232397795,16
2026-07-26,"Saitama",64.8452380952381,2.48035714285714,31.022619047619,15.6390789598561,16.9025916546093,56
2026-07-26,"Shiga",70.7083333333333,2.70357142857143,30.5422619047619,13.2669178309486,15.8020797391684,2
2026-07-26,"Shimane",76.8095238095238,2.39583333333333,28.9625,13.8926115056995,18.9353730810396,10
2026-07-26,"Shizuoka",79.2619047619048,1.98809523809524,29.8934523809524,14.5219118947195,17.1068540946115,27
2026-07-26,"Tochigi",79.5,2.5452380952381,28.8767857142857,11.5982683849858,12.7209579454494,15
2026-07-26,"Tokushima",66.4047619047619,2.50833333333333,31.9113095238095,15.019997158496,17.6480038048446,6
2026-07-26,"Tokyo",75.7380952380952,2.40119047619048,29.9083333333333,8.05173036098729,11.5622671230976,65
2026-07-26,"Tottori",75.0119047619048,2.64107142857143,29.8196428571429,12.2690450349009,15.4050341626319,9
2026-07-26,"Toyama",72.9583333333333,2.49761904761905,29.8434523809524,11.1792228749058,13.7296712229257,8
2026-07-26,"Wakayama",64.5238095238095,2.8827380952381,31.8053571428571,16.8081567868571,20.5791579194669,16
2026-07-26,"Yamagata",83.5357142857143,1.56964285714286,26.1654761904762,7.40806745586975,9.21588213047736,4
2026-07-26,"Yamaguchi",69.5059523809524,1.91071428571429,30.5755952380952,10.560596577895,13.7989159536564,8
2026-07-26,"Yamanashi",67.5119047619048,2.43452380952381,30.8595238095238,14.4749747762281,15.9491956179086,1
